"","wage","hours","IQ","KWW","educ","exper","tenure","age","married","black","south","urban","sibs","brthord","meduc","feduc","NA"
"1",769,40,93,35,12,11,2,31,1,0,0,1,1,"2","8","8",6.645091
"2",808,50,119,41,18,11,16,37,1,0,0,1,1,".","14","14",6.694562
"3",825,40,108,46,14,11,9,33,1,0,0,1,1,"2","14","14",6.715384
"4",650,40,96,32,12,13,7,32,1,0,0,1,4,"3","12","12",6.476973
"5",562,40,74,27,11,14,5,34,1,0,0,1,10,"6","6","11",6.331502
"6",1400,40,116,43,16,14,2,35,1,1,0,1,1,"2","8",".",7.244227
"7",600,40,91,24,10,13,0,30,0,0,0,1,1,"2","8","8",6.39693
"8",1081,40,114,50,18,8,14,38,1,0,0,1,2,"3","8",".",6.985642
"9",1154,45,111,37,15,13,1,36,1,0,0,0,2,"3","14","5",7.05099
"10",1000,40,95,44,12,16,16,36,1,0,0,1,1,"1","12","11",6.907755
"11",930,43,132,44,18,8,13,38,1,0,0,0,1,"1","13","14",6.835185
"12",921,38,102,45,14,9,11,33,1,0,0,0,1,"2","16",".",6.82546
"13",900,45,125,40,15,4,3,30,0,0,0,0,2,".","12","12",6.802395
"14",1318,38,119,24,16,7,2,28,1,0,0,1,3,"1","10","10",7.183871
"15",1792,40,118,47,16,9,9,34,1,0,0,1,1,"1","12","12",7.491087
"16",958,50,105,37,10,17,2,35,1,0,0,1,1,"2","6","8",6.864848
"17",1360,45,109,39,15,6,9,36,1,0,0,1,3,"3","12","10",7.21524
"18",850,40,72,36,11,19,10,38,1,0,0,1,2,"3","10","8",6.745236
"19",830,44,105,29,14,4,7,29,1,0,0,1,3,"1","12",".",6.721426
"20",471,44,101,34,12,13,7,31,1,0,0,1,3,"2","8",".",6.154858
"21",1275,40,123,37,14,9,1,31,1,0,0,1,0,"1","12",".",7.150702
"22",1615,50,113,49,16,10,4,36,1,0,0,1,2,"1","12","12",7.38709
"23",873,65,95,36,12,14,3,38,1,0,0,1,5,"1","10","10",6.771935
"24",2137,45,145,50,16,17,8,38,1,0,0,1,2,"1","12","12",7.667158
"25",1053,38,114,35,16,12,7,32,1,0,0,1,0,"1","11","11",6.959399
"26",1602,60,124,32,16,8,9,29,1,0,0,1,3,"1","16","16",7.379008
"27",1188,40,93,40,13,16,5,35,1,0,0,1,2,"1","12","8",7.080027
"28",800,40,115,39,18,11,1,35,1,0,1,1,0,"1","8","8",6.684612
"29",1417,48,125,41,17,9,4,34,1,0,0,1,3,"1","13","12",7.256297
"30",635,40,128,35,18,8,13,36,0,0,0,1,2,"1","16","16",6.453625
"31",1000,40,103,40,12,17,2,34,1,0,0,1,1,"1","8",".",6.907755
"32",1424,50,98,41,14,15,4,35,1,0,0,1,1,"1","12","12",7.261225
"33",2668,75,108,41,13,12,2,32,1,0,1,1,1,"2","12","12",7.889084
"34",666,75,129,40,18,8,12,38,1,0,0,0,2,"1","18","18",6.50129
"35",1779,40,132,42,17,8,9,32,1,0,0,1,1,"1","17","14",7.483807
"36",782,40,92,24,13,9,10,31,1,0,0,1,3,"3","8",".",6.661855
"37",1572,35,108,39,14,7,5,28,1,1,0,1,1,".","12","8",7.360104
"38",1274,40,106,35,13,11,12,31,1,0,0,1,0,"1","15","12",7.149917
"39",714,35,105,37,16,9,2,29,1,0,0,1,1,"2","13","12",6.570883
"40",1081,40,123,46,18,11,7,36,1,0,0,0,1,"1","12","12",6.985642
"41",692,40,108,48,12,21,11,38,1,0,0,1,3,"1","8","7",6.539586
"42",1318,38,122,47,17,10,9,33,1,0,0,1,1,".","12","8",7.183871
"43",1239,45,109,44,12,16,4,38,1,0,0,1,3,"3","12",".",7.12206
"44",1027,27,100,40,13,12,15,38,1,0,0,1,3,"3","10","9",6.934397
"45",1748,55,125,50,18,12,12,34,1,0,0,1,1,"2","14","15",7.466228
"46",981,40,122,41,14,9,15,35,0,0,0,1,3,"2","12",".",6.888573
"47",770,40,105,34,17,7,11,30,1,0,0,1,3,"1","12","12",6.64639
"48",1154,50,94,37,16,11,5,33,1,0,0,1,1,".","12","12",7.05099
"49",1155,40,102,36,12,16,5,34,1,0,0,1,1,"2","12",".",7.051856
"50",808,60,109,47,13,14,12,38,1,0,0,1,2,"2","12","10",6.694562
"51",1100,40,105,45,12,22,14,38,1,0,0,1,1,"1","12","12",7.003066
"52",1154,40,134,46,18,10,10,37,1,0,1,1,2,"1","12","12",7.05099
"53",1749,40,108,32,12,13,9,29,0,0,0,1,7,"1","12","9",7.466799
"54",1000,50,104,36,16,11,8,30,1,0,0,1,1,"1","12","11",6.907755
"55",462,40,112,35,12,11,1,29,1,0,0,1,8,"3","12",".",6.135565
"56",769,55,120,49,18,8,12,32,0,0,0,1,1,"1","11","8",6.645091
"57",875,50,124,40,16,9,3,31,0,0,0,0,2,"2","17","16",6.774224
"58",1375,40,103,34,12,12,7,29,1,0,0,1,4,"2","12","10",7.226209
"59",1452,45,115,45,17,1,7,30,1,0,0,1,3,"1","12","14",7.280697
"60",800,40,96,33,12,17,12,35,1,0,0,1,1,"2","6","8",6.684612
"61",1748,55,123,48,17,10,7,36,1,0,0,1,1,"1","12","12",7.466228
"62",1151,40,98,34,12,12,12,29,1,0,0,1,3,"4","12","8",7.048387
"63",840,50,96,34,12,18,13,35,1,0,0,1,2,"1","12","8",6.733402
"64",978,45,89,47,12,17,2,38,1,0,0,1,0,"1","12",".",6.885509
"65",963,40,109,43,12,15,15,37,0,0,0,0,5,".",".","7",6.870053
"66",619,42,93,20,12,10,10,28,0,0,0,1,8,".","9","11",6.428105
"67",442,60,82,32,12,12,0,33,1,0,0,1,2,"3","12","9",6.09131
"68",600,40,120,45,15,12,1,38,1,0,0,0,3,"4","12",".",6.39693
"69",1366,38,122,38,12,15,15,32,1,0,0,1,1,"2","12",".",7.219642
"70",1643,48,117,48,18,8,2,33,1,0,0,1,2,"2","12","18",7.404279
"71",1455,40,109,44,16,8,13,36,1,0,0,1,1,"2","8","8",7.282761
"72",2310,40,114,55,18,12,7,38,1,0,0,1,2,".","12","16",7.745003
"73",1682,45,126,40,16,10,11,31,1,0,0,1,1,"1","12","16",7.427739
"74",1235,40,82,45,12,10,2,33,1,0,0,1,1,"1","11","11",7.118826
"75",855,45,119,45,16,11,4,32,1,0,0,1,3,"1","12","9",6.751101
"76",1072,42,104,37,16,6,8,35,1,0,0,1,2,"2","12","6",6.977282
"77",1040,40,115,49,15,8,15,35,1,0,0,1,3,"4",".","11",6.946976
"78",1000,50,97,45,12,17,15,36,1,0,0,1,1,"2","12","12",6.907755
"79",675,40,105,27,15,8,2,31,1,0,0,0,3,".","14","12",6.514713
"80",1100,37,100,32,12,14,1,30,1,0,0,1,1,"2","7","7",7.003066
"81",996,50,114,41,12,5,14,31,1,0,0,1,2,"1","12","10",6.903747
"82",732,40,73,28,10,17,5,36,1,0,0,1,5,"6",".",".",6.59578
"83",1200,40,96,48,11,15,3,37,1,0,0,1,4,"3","8","8",7.090077
"84",1694,30,113,30,15,9,8,29,0,0,0,1,3,"1","12","16",7.434848
"85",686,55,106,38,10,15,3,36,1,0,1,1,4,"5","14","10",6.530878
"86",754,40,104,37,13,9,5,32,1,0,0,1,1,"2","8",".",6.625392
"87",857,35,80,39,10,14,15,33,1,0,0,1,2,"1",".","12",6.753438
"88",832,50,104,30,13,4,2,30,1,0,0,1,1,"2","12","8",6.723833
"89",579,44,122,36,13,8,1,30,1,0,0,0,4,"1","16","16",6.361302
"90",672,61,96,38,12,13,3,34,1,0,0,1,2,".","12","13",6.510258
"91",2500,40,95,51,15,12,9,36,1,0,0,1,3,"1","16","16",7.824046
"92",1076,45,105,24,12,5,8,31,0,0,0,1,1,"1","16","17",6.981006
"93",750,40,94,18,12,16,3,37,1,1,0,1,7,"3","8","8",6.620073
"94",1186,30,91,41,17,8,9,33,1,0,0,1,1,"1","12","14",7.078341
"95",833,48,96,37,16,9,7,31,1,0,0,1,4,"4","12","14",6.725034
"96",650,40,69,37,12,14,11,30,1,1,0,1,3,"4","10","9",6.476973
"97",1250,46,110,37,12,5,16,38,1,0,0,0,1,"1",".","12",7.130899
"98",1122,48,111,44,15,12,9,31,1,0,0,1,3,"1","9","12",7.022868
"99",865,40,110,35,16,1,11,31,1,0,0,1,3,"1","9","12",6.76273
"100",808,40,97,37,16,10,7,29,1,0,0,1,3,"3","9","12",6.694562
"101",1299,60,125,44,18,6,12,35,0,0,0,1,1,"2","8","8",7.16935
"102",903,40,91,39,12,6,12,36,1,0,0,1,5,"4","9","10",6.805723
"103",900,40,86,28,12,17,15,37,1,0,0,1,5,"3","8","10",6.802395
"104",625,40,110,32,12,18,0,35,1,0,0,1,4,"1","9","8",6.437752
"105",1586,40,92,47,14,16,1,36,1,0,1,1,4,"4","12",".",7.36897
"106",962,40,85,41,10,15,16,38,1,0,0,1,1,"2","9","12",6.869014
"107",1539,45,120,36,17,7,8,34,1,0,0,1,1,"1","8","8",7.338888
"108",1110,52,106,42,12,11,6,33,1,0,0,0,5,"2","12","12",7.012115
"109",1282,45,112,41,16,6,6,31,0,0,1,1,2,"2","12","12",7.156177
"110",770,48,91,39,12,13,2,38,1,0,0,1,1,"2","10","8",6.64639
"111",1000,45,90,42,12,16,0,38,1,0,0,1,6,"3","10","12",6.907755
"112",895,40,86,39,9,17,16,38,1,1,0,0,2,".",".","12",6.796824
"113",1205,40,86,32,10,13,0,32,1,1,0,1,5,"5","8",".",7.094235
"114",750,40,113,27,12,11,10,29,1,0,0,0,1,".","12","12",6.620073
"115",654,50,111,51,13,5,16,38,1,0,0,1,3,"3","12","9",6.483108
"116",601,48,111,30,12,15,3,33,1,0,0,1,0,"1","12","12",6.398595
"117",600,40,106,32,13,10,11,28,1,0,0,1,6,".","8","7",6.39693
"118",433,40,98,28,12,11,10,30,0,0,0,1,1,"1","12","11",6.070738
"119",1188,40,105,28,12,11,7,30,1,0,0,1,3,"1","12","10",7.080027
"120",635,40,105,29,12,15,15,33,1,0,0,0,2,"2","10",".",6.453625
"121",1225,40,118,44,13,9,14,32,1,0,0,1,0,"1","12","9",7.110696
"122",1151,45,90,38,12,19,19,36,1,0,0,1,1,"1","12","8",7.048387
"123",865,40,95,34,12,15,11,32,0,0,0,1,3,"1","9","8",6.76273
"124",1031,40,112,24,14,9,5,29,1,0,0,1,4,"2","12","12",6.938284
"125",1049,55,120,39,12,9,11,32,1,0,0,1,3,"2","12","10",6.955593
"126",1000,45,123,41,12,12,1,29,1,0,0,1,3,"3","12","10",6.907755
"127",1105,40,103,32,13,10,11,30,1,0,0,1,1,"1","16","15",7.007601
"128",1924,50,121,40,18,11,7,35,1,0,0,1,3,"1","16","18",7.562161
"129",1346,40,90,44,16,9,16,38,1,0,0,1,1,"1","12","12",7.204893
"130",809,65,125,32,12,11,10,29,1,0,0,1,0,"1","12","12",6.695799
"131",1495,45,109,34,18,10,3,32,1,0,0,1,3,"1","9","8",7.309882
"132",1346,50,128,46,16,10,1,33,0,0,0,0,3,"1","10","9",7.204893
"133",1200,40,97,35,12,10,4,31,1,0,0,1,3,"1","12","12",7.090077
"134",500,40,96,35,12,6,0,33,1,0,1,1,4,"4","12","12",6.214608
"135",1325,45,97,44,12,12,5,28,1,0,0,1,1,"2","12","8",7.189168
"136",900,40,78,21,12,16,5,33,1,1,0,1,4,"1","7","6",6.802395
"137",800,40,112,39,12,15,3,34,1,0,0,1,6,"4","7",".",6.684612
"138",800,40,88,32,12,16,7,38,1,0,0,1,3,"2","2","5",6.684612
"139",1034,40,97,39,12,15,16,36,1,0,0,1,14,"10","14","11",6.94119
"140",980,40,101,41,12,4,12,36,1,0,0,1,1,".","6","9",6.887553
"141",884,40,106,42,10,19,12,34,1,0,0,1,2,"1","7","10",6.784457
"142",480,40,59,28,10,11,5,34,0,0,0,1,0,"1","8","6",6.173786
"143",923,40,105,54,18,7,14,34,1,0,0,1,1,"1","12","12",6.827629
"144",513,45,119,30,17,8,5,31,0,0,0,1,1,"1","12","8",6.240276
"145",1105,40,93,36,11,17,16,37,0,0,0,1,2,"2","8","8",7.007601
"146",1193,50,82,38,12,19,10,36,1,0,1,1,0,"1","12",".",7.084227
"147",2771,50,134,45,18,6,7,34,1,0,0,1,4,"3","16","16",7.926963
"148",779,40,84,29,12,9,6,30,1,0,0,1,0,"1","8","12",6.658011
"149",950,60,98,36,11,13,6,31,1,0,0,1,2,"1","12","12",6.856462
"150",1394,40,118,41,16,11,8,30,1,0,0,0,2,"1","13","12",7.239933
"151",1495,45,113,50,17,13,9,33,1,0,0,1,3,"3","12","8",7.309882
"152",650,40,100,18,12,4,3,28,1,0,0,1,6,"2","9","11",6.476973
"153",670,40,93,27,13,9,5,29,1,0,0,1,2,".","12","12",6.507277
"154",1126,40,119,30,16,5,8,32,1,0,0,1,1,"1","12","10",7.026427
"155",450,64,67,19,12,11,1,33,0,1,0,1,6,"1","11","4",6.109248
"156",1028,40,111,28,12,19,12,37,1,1,1,1,3,"4","12",".",6.93537
"157",2404,50,106,38,15,8,0,32,1,0,0,1,2,"1","12","12",7.784889
"158",1899,40,127,49,18,9,14,36,0,0,0,1,0,"1","10",".",7.549083
"159",757,40,113,35,16,10,9,33,1,0,0,1,2,"1","12","12",6.629363
"160",1250,40,115,36,14,9,1,29,1,0,0,1,2,"2","12","12",7.130899
"161",1162,48,102,40,16,8,11,31,1,0,0,1,3,"2","12",".",7.057898
"162",1025,40,85,29,15,9,13,29,1,1,0,1,6,"1","14","12",6.932448
"163",1100,50,117,51,16,11,12,32,1,0,0,0,0,"1","12","10",7.003066
"164",714,35,125,34,16,7,5,28,1,0,0,1,4,"1","10","10",6.570883
"165",1318,35,118,47,16,16,17,37,1,0,0,0,1,"1","8","12",7.183871
"166",1411,45,121,40,18,14,3,38,1,0,0,1,3,"2","12","16",7.252054
"167",2162,40,115,51,17,4,4,38,1,0,0,1,1,"1","12","12",7.678789
"168",1273,55,120,44,14,11,16,36,1,0,0,0,1,"1","12",".",7.149132
"169",1140,48,109,43,12,16,15,35,1,0,0,1,2,"2","11","6",7.038784
"170",578,40,109,28,13,7,4,30,0,0,0,1,1,".","12","11",6.359574
"171",942,40,85,36,12,7,10,38,1,0,0,1,4,"5",".",".",6.848005
"172",1058,40,85,50,12,17,8,38,1,0,0,0,4,"1","12",".",6.964136
"173",750,40,106,32,14,9,9,29,1,0,0,1,1,"2","11","10",6.620073
"174",1000,60,101,30,12,11,6,30,1,0,0,1,3,"1","10","10",6.907755
"175",951,60,116,40,12,9,7,30,1,0,0,1,4,"5","12","9",6.857514
"176",635,47,91,24,12,13,2,31,1,0,0,1,2,"2","7","7",6.453625
"177",1250,40,91,28,12,13,1,34,1,0,0,1,3,"1","11","5",7.130899
"178",675,40,110,34,12,6,15,34,1,0,0,1,2,"1","7",".",6.514713
"179",400,40,75,33,12,11,6,32,1,0,0,1,4,".","7","12",5.991465
"180",577,50,94,17,12,9,8,29,1,0,0,1,2,".","12","8",6.357842
"181",590,40,109,27,13,10,7,29,1,0,0,0,2,"2","12","12",6.380123
"182",923,50,122,38,16,10,10,31,1,0,0,0,1,"2","8","8",6.827629
"183",1250,50,102,26,12,6,2,32,0,0,0,1,4,"2","11","8",7.130899
"184",1100,40,122,38,14,11,8,33,1,0,0,1,2,"3","8","10",7.003066
"185",1130,50,105,38,12,18,2,37,1,0,0,1,4,"2","10","10",7.029973
"186",652,50,113,37,12,14,4,36,0,0,0,1,1,"2","9","9",6.480044
"187",618,42,104,34,12,6,2,30,1,0,0,1,3,"2","8","12",6.426488
"188",962,50,124,43,16,7,14,34,1,0,0,1,2,"2","9","11",6.869014
"189",529,40,110,31,13,14,11,32,1,0,0,0,1,"1","12","8",6.270988
"190",817,40,95,37,12,16,14,33,1,0,0,0,2,"1","12","12",6.705639
"191",962,40,120,39,16,8,9,32,1,0,0,0,0,"1","18",".",6.869014
"192",840,40,105,39,12,19,15,38,1,0,0,0,3,"1","12","8",6.733402
"193",866,40,121,30,16,7,4,28,1,0,0,0,1,".","12","12",6.763885
"194",2404,50,96,42,14,1,1,36,1,0,0,1,5,"5","8","10",7.784889
"195",1126,40,110,26,12,16,2,32,1,0,0,1,6,"1","9","12",7.026427
"196",1160,40,92,32,12,8,8,31,1,0,0,0,4,"1","12","11",7.056175
"197",723,40,98,34,12,15,5,38,1,0,0,1,1,"1","9",".",6.583409
"198",1778,40,109,43,16,14,13,36,1,0,0,1,0,"1","11","12",7.483244
"199",1903,48,118,44,18,13,5,36,1,0,0,0,0,"1","11","11",7.551187
"200",1010,40,97,42,18,7,14,34,1,0,0,1,4,"5","14",".",6.917706
"201",971,40,95,42,17,5,11,37,1,0,0,1,1,"2","16","8",6.878326
"202",525,40,99,40,12,9,2,34,1,0,0,1,2,"1","10","8",6.263398
"203",525,40,106,31,12,12,13,30,1,0,0,0,1,"1","10","12",6.263398
"204",670,45,117,33,12,10,3,30,1,0,0,0,5,"2","12",".",6.507277
"205",500,45,90,47,12,19,4,37,1,0,0,0,0,"1","12","6",6.214608
"206",1058,45,98,45,14,14,15,34,1,0,0,0,2,"3",".",".",6.964136
"207",550,46,95,44,12,18,15,35,1,0,0,1,1,"1","12","11",6.309918
"208",500,45,115,43,12,14,1,32,1,0,0,1,1,"2","12","11",6.214608
"209",727,55,106,40,15,10,5,31,0,0,0,1,1,".","12","12",6.588926
"210",865,40,114,26,12,6,8,30,1,0,0,0,2,"3","8","8",6.76273
"211",1081,40,92,34,13,8,2,30,1,0,1,1,3,"4","12","10",6.985642
"212",1304,45,119,36,17,9,9,31,1,0,0,0,1,"1","13","12",7.173192
"213",575,40,85,32,13,6,1,30,1,0,0,0,1,"2","13","12",6.35437
"214",623,45,98,34,16,7,1,30,1,0,0,0,3,"1","12","12",6.434546
"215",515,45,114,30,13,8,10,28,1,0,0,0,3,"2","12","12",6.244167
"216",1273,55,84,42,18,14,4,37,1,0,0,1,1,"1","8","12",7.149132
"217",990,40,108,42,13,13,9,33,1,0,0,0,4,"1","16","16",6.897705
"218",600,40,107,32,12,16,6,33,1,0,0,0,5,"6","8","4",6.39693
"219",1160,40,84,35,12,17,2,38,1,0,0,0,4,"2","16","12",7.056175
"220",500,55,86,22,12,11,9,29,1,0,0,0,5,"5","10","12",6.214608
"221",795,45,88,27,12,17,18,35,1,0,0,0,2,"2","10","12",6.678342
"222",500,50,97,34,11,20,3,37,1,0,0,0,2,"1",".",".",6.214608
"223",740,50,84,31,10,23,13,38,1,0,0,0,5,"1",".","9",6.60665
"224",1250,40,117,45,16,10,7,33,1,0,0,1,1,"1","12","14",7.130899
"225",1014,55,110,42,16,13,9,30,0,0,0,1,1,"2","12","14",6.921658
"226",1250,32,104,32,13,13,3,33,1,0,0,1,3,"3","9",".",7.130899
"227",913,40,110,26,14,4,13,29,1,0,0,1,3,"4","9",".",6.816736
"228",1346,40,99,33,16,9,8,30,1,0,0,1,2,".","11","12",7.204893
"229",445,40,80,31,10,19,0,38,1,0,0,0,5,"5",".",".",6.098074
"230",265,40,101,43,12,18,2,37,1,0,0,1,1,"2",".",".",5.57973
"231",1250,40,117,31,14,7,1,28,1,0,0,1,1,"2","12","12",7.130899
"232",1607,56,108,41,13,7,9,36,1,0,0,1,2,"1",".",".",7.382124
"233",1452,35,69,33,16,12,15,38,1,1,0,1,7,"6","10","10",7.280697
"234",1391,50,109,38,12,14,8,32,1,1,1,1,1,"2","11","9",7.237778
"235",821,45,85,39,16,8,2,32,1,0,0,1,5,"6","8","8",6.710523
"236",794,40,114,36,16,9,7,29,1,0,0,1,1,"2","11","9",6.677083
"237",500,30,90,46,13,10,1,38,1,0,0,0,4,"3",".",".",6.214608
"238",520,50,107,30,18,6,3,29,1,0,0,0,10,"1","12","14",6.253829
"239",1730,50,117,41,18,12,12,37,1,0,0,1,1,"2","12","8",7.455877
"240",1924,50,112,47,18,9,10,38,1,0,0,1,6,"1","16","18",7.562161
"241",1155,60,106,46,18,10,2,37,1,0,0,1,3,"3","14","18",7.051856
"242",2162,40,116,38,15,9,4,31,1,0,0,1,2,"1","12","17",7.678789
"243",923,50,123,44,14,8,7,31,1,0,0,1,1,"2","8",".",6.827629
"244",1115,40,118,40,16,12,13,33,1,0,0,1,1,"1","8",".",7.01661
"245",449,36,91,20,12,7,2,30,0,0,0,1,1,".",".",".",6.107023
"246",1500,40,103,29,12,10,11,34,1,0,0,1,2,"3","12","7",7.313221
"247",826,40,114,40,14,20,3,37,1,0,0,1,4,"4","8","6",6.716595
"248",937,40,102,36,12,16,8,35,1,0,0,1,3,"2","12","6",6.842683
"249",978,48,104,36,12,19,15,36,1,0,0,1,5,"6","6",".",6.885509
"250",1031,40,112,43,14,14,12,33,0,0,0,1,6,"6","14","12",6.938284
"251",1272,40,107,39,12,10,1,30,1,0,0,1,4,"3","12","12",7.148346
"252",1136,50,117,36,14,16,12,34,1,0,1,1,2,"3","12","12",7.035269
"253",800,45,110,36,12,19,12,36,1,0,0,1,7,"8",".",".",6.684612
"254",1339,38,96,42,12,8,9,33,1,0,0,1,0,"1","12","11",7.199678
"255",1063,40,90,38,12,14,12,32,1,1,0,1,2,"2","8","12",6.968851
"256",935,44,97,27,12,10,6,29,1,0,0,1,2,"2","8","7",6.840547
"257",808,40,99,40,12,18,13,38,1,1,0,1,0,"1","9","8",6.694562
"258",375,40,99,29,10,12,2,30,1,0,1,0,3,"2","8","5",5.926926
"259",537,40,97,32,12,14,8,31,0,1,0,1,2,"1","11",".",6.285998
"260",1082,55,95,40,12,11,4,29,1,1,0,1,2,"2","11",".",6.986567
"261",930,40,126,44,14,10,1,31,0,0,0,1,3,".","8",".",6.835185
"262",1155,40,109,49,17,13,4,38,1,0,0,0,3,"3","12","8",7.051856
"263",548,40,86,22,11,7,0,33,1,1,0,1,5,"2","11",".",6.306275
"264",622,45,119,48,16,12,1,33,1,0,0,1,0,"1","12","12",6.43294
"265",841,40,102,38,16,10,1,29,1,0,0,1,3,"1","12","12",6.734591
"266",769,55,105,45,18,7,15,38,0,0,0,1,2,"3","9","5",6.645091
"267",587,38,117,40,17,8,5,29,1,0,0,0,3,"3","12",".",6.375025
"268",1924,45,112,40,16,17,18,38,1,0,0,1,1,"1","12","12",7.562161
"269",1058,40,89,28,12,7,3,29,1,0,0,1,2,".","8","6",6.964136
"270",417,48,131,39,12,7,1,28,0,0,0,1,1,"2","12","6",6.033086
"271",1202,48,114,28,16,6,6,28,1,0,0,1,3,"3","16","16",7.091742
"272",1154,40,98,35,14,18,2,37,1,0,0,1,1,".","10","14",7.05099
"273",1070,40,124,41,13,4,9,32,1,0,0,1,0,"1",".",".",6.975414
"274",1202,40,125,30,14,10,11,29,1,0,0,1,2,"3","12","12",7.091742
"275",711,45,100,38,18,13,3,36,1,0,0,1,1,".","10","16",6.566672
"276",1202,40,84,21,14,6,5,31,1,1,0,1,2,"1","11","9",7.091742
"277",850,43,113,26,12,7,3,28,1,0,0,1,1,"2","8","12",6.745236
"278",1000,40,102,46,16,13,11,35,1,0,0,1,6,"2","10","12",6.907755
"279",490,49,82,33,18,7,8,31,0,0,0,1,2,".","12","9",6.194406
"280",1000,40,112,47,14,15,4,35,1,0,0,1,4,"1","12","10",6.907755
"281",865,40,111,38,16,11,4,31,1,0,1,1,4,"5","8","5",6.76273
"282",1375,40,96,24,13,3,3,30,1,0,0,1,3,"1","11","8",7.226209
"283",1586,40,127,48,16,16,12,37,1,0,0,1,4,"4","16","16",7.36897
"284",1602,65,97,47,15,14,14,37,1,0,0,1,1,"1","8",".",7.379008
"285",3078,65,120,50,14,12,13,36,1,0,1,1,1,"2","12",".",8.032035
"286",898,40,101,41,16,7,9,35,0,0,0,1,3,"4","16","14",6.80017
"287",906,40,120,40,14,16,2,37,1,0,0,1,5,"1","12","12",6.809039
"288",952,40,99,34,13,10,10,31,1,1,0,1,1,"1","8","10",6.858565
"289",571,40,78,33,13,10,1,29,0,1,0,1,5,"5","8","9",6.347389
"290",445,45,110,23,12,15,13,32,0,0,0,1,2,"2","5","11",6.098074
"291",289,40,94,35,12,9,0,30,1,0,0,1,2,"3","5","11",5.666427
"292",1444,40,120,50,16,12,15,37,1,0,0,1,1,"2","17","13",7.275172
"293",962,55,108,45,12,19,21,36,1,0,0,1,3,"1","8","8",6.869014
"294",1075,40,103,31,12,17,10,33,1,0,0,1,13,"3","11","11",6.980076
"295",909,55,97,39,11,17,5,35,1,0,0,1,7,"3",".",".",6.812345
"296",1250,40,106,36,12,14,19,35,1,0,0,1,4,"1","11","13",7.130899
"297",620,40,99,22,11,10,5,29,1,1,0,1,11,"5",".",".",6.429719
"298",1016,40,72,18,10,14,15,37,1,1,0,1,8,"9","11",".",6.923629
"299",800,40,88,29,10,21,14,37,1,1,0,1,8,"1","11","8",6.684612
"300",1050,40,119,37,16,7,18,37,0,0,0,1,2,"2","12","13",6.956545
"301",1079,50,87,33,12,18,9,36,1,0,0,1,5,"5","8",".",6.98379
"302",654,50,121,49,17,12,13,34,1,0,0,1,1,"2","11","12",6.483108
"303",781,50,112,33,12,8,10,30,1,0,0,1,2,"2","12","8",6.660575
"304",1038,48,103,36,15,8,2,36,1,0,1,0,2,"1","12","15",6.945051
"305",1924,50,99,48,16,16,14,37,1,0,0,1,0,"1","16","18",7.562161
"306",1202,40,101,40,15,15,17,37,1,0,0,1,3,"2","12","12",7.091742
"307",666,70,117,34,15,8,2,32,1,0,0,1,0,"1",".",".",6.50129
"308",905,45,109,41,14,11,14,36,1,0,0,1,3,"4","8","8",6.807935
"309",890,70,73,46,12,6,8,31,1,0,0,1,3,"1","12","12",6.791222
"310",817,40,116,27,16,10,7,31,1,0,1,0,1,"2","16","16",6.705639
"311",812,40,98,42,12,10,2,29,0,0,0,1,3,"2","12","12",6.699501
"312",577,60,104,43,14,6,2,30,1,0,1,1,2,"3","14","12",6.357842
"313",756,40,78,29,14,9,2,31,1,0,0,1,2,"2","12","12",6.628041
"314",1011,40,104,43,12,20,7,37,1,0,1,1,0,"1",".",".",6.918695
"315",1155,45,85,39,12,14,1,34,1,0,0,1,2,"1","12","12",7.051856
"316",1025,40,104,25,12,12,7,29,1,0,0,1,3,"4","12","10",6.932448
"317",1350,40,107,37,12,17,12,35,1,0,0,0,2,"3",".",".",7.20786
"318",1001,40,109,48,12,20,22,37,1,0,0,1,1,"1","8","10",6.908755
"319",796,48,119,31,13,16,15,37,1,1,0,1,7,"1","11",".",6.679599
"320",1230,50,96,33,13,11,12,30,1,0,0,1,3,"2","10","11",7.114769
"321",754,40,93,31,12,13,1,30,1,0,0,1,5,".",".",".",6.625392
"322",714,40,90,32,12,17,1,37,1,0,0,0,5,"3","12","12",6.570883
"323",1000,45,103,29,15,8,3,32,1,0,0,1,3,"4","12",".",6.907755
"324",2067,40,106,41,16,12,13,33,1,0,1,1,2,"1","14","12",7.633853
"325",912,40,96,32,16,11,5,30,1,0,0,1,2,"2","14","12",6.81564
"326",600,40,114,39,12,8,5,30,1,0,1,1,6,"3","8","8",6.39693
"327",951,40,86,33,11,13,1,31,1,0,0,1,3,"4","9",".",6.857514
"328",711,45,110,38,16,8,5,32,1,0,1,1,3,"2","13","12",6.566672
"329",1151,48,87,41,12,18,9,38,1,0,0,1,2,"1","12","12",7.048387
"330",1000,40,89,31,12,9,5,28,1,0,0,1,2,"3","13","12",6.907755
"331",841,44,106,40,12,15,10,31,1,0,0,1,5,"6","8",".",6.734591
"332",400,70,100,43,12,12,3,32,1,0,0,1,3,"2","5","8",5.991465
"333",1175,45,111,38,12,17,14,34,1,0,0,1,0,"1","16","4",7.069024
"334",1202,40,100,40,12,18,2,37,1,0,0,1,0,"1","12","12",7.091742
"335",1442,40,114,38,12,16,17,33,1,0,0,1,2,"3","12","10",7.273787
"336",538,55,98,45,18,5,1,34,1,0,0,1,2,"2","13",".",6.287858
"337",781,40,89,24,11,13,10,30,1,0,0,1,3,"1","9","8",6.660575
"338",750,60,74,23,10,13,9,30,1,0,0,1,4,"2","11","9",6.620073
"339",841,48,110,37,18,13,1,37,0,1,0,1,1,"1","12","12",6.734591
"340",700,50,130,29,13,14,1,38,1,0,0,1,1,"2","11","14",6.55108
"341",1346,50,108,51,16,9,4,36,1,0,0,1,1,"2","12","10",7.204893
"342",800,45,98,31,12,16,12,33,1,0,0,0,3,"4","10","8",6.684612
"343",1250,40,125,27,16,9,10,30,1,0,0,1,3,"1","16",".",7.130899
"344",1105,40,104,29,16,5,8,29,1,0,0,1,3,"1","12","12",7.007601
"345",475,52,98,33,14,12,1,30,0,0,0,1,6,"1","8","10",6.163315
"346",762,58,104,37,15,6,4,33,1,0,0,0,2,"1","11","12",6.635947
"347",962,40,120,33,12,18,19,36,1,0,0,1,3,".","8","8",6.869014
"348",721,40,134,38,13,9,9,30,0,0,1,1,3,"3","8","8",6.580639
"349",800,50,92,28,9,18,13,34,1,0,0,1,0,"1","8","8",6.684612
"350",658,40,129,34,16,11,9,30,1,0,0,1,2,"1","13","16",6.489205
"351",1270,40,118,42,14,4,16,36,1,0,0,1,2,"1","12","12",7.146772
"352",1313,40,107,37,12,11,7,28,1,0,0,0,1,".","12",".",7.18007
"353",824,42,92,37,12,19,15,38,1,0,0,1,1,"1","12","11",6.71417
"354",1442,40,118,33,16,6,7,29,1,0,0,1,2,"1","16","12",7.273787
"355",1400,42,108,38,17,7,3,31,1,0,0,1,2,"1","12","14",7.244227
"356",1038,50,119,42,12,20,5,36,1,0,0,0,3,"3","12","8",6.945051
"357",668,43,109,29,12,11,12,29,1,0,0,0,2,"3","8","7",6.504288
"358",1100,40,91,41,12,18,10,36,1,0,0,0,2,"3","8","8",7.003066
"359",1000,45,118,38,14,9,7,30,1,0,0,1,3,"1","12","10",6.907755
"360",523,43,119,37,13,9,2,30,1,0,0,0,4,"1","14",".",6.259582
"361",1111,40,103,33,14,13,13,31,1,0,0,0,6,"3","14","12",7.013016
"362",962,40,120,25,16,6,4,28,1,0,0,0,4,"3","12","8",6.869014
"363",729,47,122,40,18,6,13,34,1,0,0,1,3,"3","8","6",6.591674
"364",690,40,119,35,12,9,5,28,1,0,0,1,1,"2","8",".",6.536692
"365",1010,50,104,37,11,15,7,38,1,0,0,0,6,"1","9","6",6.917706
"366",600,40,96,22,11,7,2,29,1,0,1,1,4,"3","8","8",6.39693
"367",596,40,83,36,12,16,17,34,1,0,0,0,3,"3","8","8",6.390241
"368",850,44,115,37,12,11,1,29,1,0,0,1,3,"2",".",".",6.745236
"369",670,40,88,27,12,9,2,29,1,0,0,1,7,"3","10","8",6.507277
"370",793,40,96,43,12,17,18,36,1,0,0,0,4,"5","8","8",6.675823
"371",1442,40,123,42,17,14,7,38,1,0,1,0,2,"3","12","6",7.273787
"372",670,50,108,43,12,14,8,34,1,0,1,1,5,"1","11","7",6.507277
"373",876,45,116,35,16,10,8,29,1,0,0,1,2,"1","12","12",6.775366
"374",841,40,109,45,18,13,2,36,1,0,0,0,3,"4","16","12",6.734591
"375",975,40,97,39,13,8,0,31,1,0,0,1,3,"1","12","12",6.882438
"376",1223,40,107,34,12,7,3,28,1,0,0,0,1,"1","12","10",7.109062
"377",910,30,95,27,12,16,5,35,1,0,1,1,2,"3","12","14",6.813445
"378",533,45,109,31,15,8,2,30,1,0,0,1,2,"2","15","12",6.278522
"379",750,40,104,36,12,15,11,33,1,0,0,0,0,"1","12","12",6.620073
"380",1206,40,110,37,12,16,4,38,1,0,0,1,1,"1","12","12",7.095064
"381",745,40,94,40,13,17,1,36,0,0,0,0,2,"3","13","8",6.613384
"382",900,40,103,38,12,15,1,37,1,0,1,0,3,"3","8","6",6.802395
"383",1170,47,123,45,14,9,14,32,1,0,0,1,3,"4","8","12",7.064759
"384",540,50,113,33,12,12,3,31,1,0,0,0,5,"4","6","12",6.291569
"385",550,40,110,35,16,15,1,38,1,0,0,0,2,"1",".",".",6.309918
"386",615,40,100,31,14,9,4,30,1,0,0,0,3,"3","12","12",6.421622
"387",909,40,95,39,13,6,2,31,1,0,0,1,2,"1","12","12",6.812345
"388",769,40,100,34,12,18,12,36,1,0,0,0,1,"2","8","8",6.645091
"389",984,40,108,39,13,17,18,37,1,0,0,1,4,"1","15","8",6.891626
"390",833,60,101,47,12,15,12,37,1,0,0,1,5,"2","12",".",6.725034
"391",879,70,90,43,12,17,10,35,0,0,0,1,1,"2","12","16",6.778785
"392",1027,45,115,41,12,16,7,35,1,0,0,1,4,"3","8","5",6.934397
"393",1000,55,114,41,16,10,1,33,1,0,1,0,0,"1",".",".",6.907755
"394",465,43,84,33,13,10,1,29,1,0,0,1,3,"3","11","11",6.142037
"395",1100,40,92,37,13,21,12,38,1,1,0,1,6,"6","12",".",7.003066
"396",641,45,125,44,14,9,0,37,1,0,0,1,1,"1","12","11",6.463029
"397",1035,48,107,42,12,21,14,38,1,0,0,1,1,"2","11","8",6.942157
"398",1212,40,129,33,14,9,3,32,0,0,0,1,6,"7","8","9",7.100027
"399",950,40,98,40,12,11,6,30,1,0,0,1,3,"4","12","12",6.856462
"400",938,44,108,41,12,19,20,38,1,0,0,1,0,"1","8",".",6.84375
"401",1250,40,114,37,16,8,8,30,1,0,0,1,5,"3","2","8",7.130899
"402",586,60,111,37,18,6,10,34,1,0,0,0,3,"1","12","11",6.37332
"403",693,53,101,29,12,7,6,28,1,0,0,0,1,"2","12","12",6.54103
"404",562,40,99,25,12,18,12,34,0,0,0,0,1,"1","12","12",6.331502
"405",375,60,75,24,12,12,5,30,0,0,0,0,4,"1","12","8",5.926926
"406",673,40,91,29,12,7,11,38,1,0,0,0,0,"1","6",".",6.511745
"407",654,50,113,38,17,1,13,33,1,0,0,0,1,"1","12","10",6.483108
"408",692,50,120,34,12,17,7,35,1,0,0,0,3,"4","8",".",6.539586
"409",1111,40,98,32,14,10,1,29,1,0,0,1,3,"1","12","15",7.013016
"410",1368,45,107,31,16,11,1,33,1,0,1,1,2,"2","16","16",7.221105
"411",1282,45,121,39,18,7,13,32,1,0,0,1,2,"2","12","12",7.156177
"412",1250,60,115,40,11,19,4,38,1,0,0,1,1,"2",".",".",7.130899
"413",1346,40,134,42,15,15,7,35,1,0,0,1,2,"1","12","10",7.204893
"414",1424,50,96,47,17,15,12,37,1,0,0,1,2,"3",".",".",7.261225
"415",854,48,120,38,16,8,5,29,0,0,0,1,2,"3","12","16",6.749931
"416",888,50,105,36,15,9,5,32,0,0,0,1,2,"2","12","10",6.788972
"417",1161,50,121,40,12,5,10,34,1,0,0,1,5,"6","10",".",7.057037
"418",583,58,113,29,16,9,0,30,1,0,0,1,2,"2","12","9",6.368187
"419",1260,45,106,37,12,5,3,29,1,0,0,1,2,"1","12","13",7.138867
"420",947,48,104,41,18,8,13,35,1,0,0,0,3,"2","9","12",6.853299
"421",1850,40,80,23,11,14,15,33,1,0,0,1,3,".","10","10",7.522941
"422",1575,40,117,28,12,13,2,30,1,0,0,1,3,"3","10","10",7.36201
"423",758,38,126,42,16,10,8,28,0,0,0,1,2,"2","12","12",6.630683
"424",1442,40,112,42,12,19,15,36,1,0,0,1,3,"2","10","8",7.273787
"425",489,55,104,47,13,20,4,38,1,0,1,1,2,"2",".",".",6.192362
"426",1126,40,116,33,12,5,0,31,1,1,0,1,9,"5","9","10",7.026427
"427",1000,40,70,18,12,12,5,32,0,1,0,1,6,".","8","8",6.907755
"428",500,70,83,20,12,13,11,32,1,0,0,1,5,"1","6","6",6.214608
"429",1200,50,84,13,12,13,9,32,1,0,0,1,5,"2","6","6",7.090077
"430",565,45,82,30,10,15,3,33,1,0,0,0,4,"4",".",".",6.336826
"431",1920,40,109,32,12,13,2,31,1,0,0,0,0,"1","12","8",7.560081
"432",684,45,111,25,14,7,7,29,1,0,0,1,4,"1","12","12",6.527958
"433",774,40,94,33,12,20,4,37,1,0,0,0,1,"1","12","7",6.651572
"434",233,60,96,32,16,7,4,30,1,0,0,0,3,".","12","8",5.451038
"435",975,40,101,33,13,12,10,30,1,0,0,0,3,"3","12","13",6.882438
"436",1366,40,90,35,12,13,1,30,1,0,0,1,3,"3","12","12",7.219642
"437",2137,40,120,48,16,16,3,37,1,0,1,1,3,"3","12","12",7.667158
"438",700,40,120,38,16,10,1,29,1,0,1,1,1,"1","12","12",6.55108
"439",1200,40,108,29,12,16,11,33,1,0,0,1,3,"2","8",".",7.090077
"440",1161,40,99,43,13,16,18,36,1,0,0,1,0,"1","12","8",7.057037
"441",729,60,80,31,11,16,15,34,1,0,0,1,6,"1","12","6",6.591674
"442",750,45,93,45,11,17,2,36,1,0,0,1,1,"2","10","5",6.620073
"443",1026,45,85,46,12,4,16,38,1,0,0,1,1,"2",".",".",6.933423
"444",1111,45,118,43,15,11,3,32,1,0,0,1,3,"1","11","10",7.013016
"445",625,50,115,31,12,12,8,31,1,0,0,1,2,"3","12",".",6.437752
"446",1200,42,119,28,16,11,5,30,1,0,0,1,5,"1","10","11",7.090077
"447",1541,40,94,39,12,8,1,32,1,0,0,1,8,"3","12","11",7.340187
"448",1154,40,109,42,16,12,9,34,1,0,0,1,0,"1","13","16",7.05099
"449",310,40,104,37,13,10,0,33,0,0,0,0,2,"1","14","8",5.736572
"450",610,50,89,21,12,14,4,30,1,0,0,0,1,"2","7","6",6.413459
"451",1749,43,101,28,12,16,17,36,1,0,0,0,2,"2","12","8",7.466799
"452",1000,40,96,34,16,9,1,31,0,0,1,1,4,"2","12","7",6.907755
"453",350,40,109,48,12,14,1,36,1,0,0,0,1,"1","9","7",5.857933
"454",765,45,94,38,12,17,18,37,1,0,0,0,10,"6","4","6",6.639876
"455",790,40,115,34,12,15,2,34,1,0,0,0,6,"5","6","5",6.672033
"456",818,47,92,41,12,16,17,38,1,0,0,0,12,"1","8","4",6.706862
"457",477,60,71,32,9,12,1,30,1,0,0,0,4,"2","11","5",6.167517
"458",938,50,130,39,14,15,1,33,1,0,0,0,3,"1","12","11",6.84375
"459",2099,55,119,38,16,10,4,32,1,0,0,1,0,"1","12","12",7.649216
"460",350,40,74,24,12,14,3,32,1,0,0,1,4,"2","10","13",5.857933
"461",940,48,104,25,12,13,0,32,1,1,0,1,7,"2","12","8",6.84588
"462",1202,40,124,23,15,11,8,28,1,0,0,1,2,"2","10",".",7.091742
"463",450,40,94,29,15,9,4,31,1,0,0,0,1,"1","12",".",6.109248
"464",1058,40,120,44,16,16,13,37,1,0,0,0,5,"4","12","4",6.964136
"465",1000,40,96,40,11,15,15,37,1,0,0,1,5,"5","8","9",6.907755
"466",318,40,67,35,12,16,5,36,1,1,1,1,6,".","7","5",5.762052
"467",556,40,69,26,11,13,9,34,0,1,0,1,3,".","8","8",6.320768
"468",958,60,98,42,12,11,9,28,1,0,0,1,0,"1","12","11",6.864848
"469",995,40,92,23,9,22,13,38,1,1,0,1,7,"3","7","4",6.902743
"470",1600,50,109,44,14,16,5,33,1,0,0,0,2,".","9","10",7.377759
"471",606,45,100,39,18,6,5,30,0,0,0,0,1,".","12","12",6.40688
"472",511,45,101,25,12,13,1,30,1,0,0,1,4,"2","11","12",6.23637
"473",1411,45,111,40,16,11,12,32,1,0,1,1,1,"1","12","9",7.252054
"474",1346,40,106,38,16,15,11,37,1,0,0,1,1,"1","8","14",7.204893
"475",1522,46,102,37,12,15,16,37,1,0,0,0,3,"2","12","10",7.327781
"476",1075,40,115,28,14,9,10,30,1,0,0,0,2,"1","12","10",6.980076
"477",1200,50,99,37,12,11,11,28,1,0,0,1,5,"4","10","8",7.090077
"478",1377,37,118,48,16,15,1,36,1,0,0,1,2,"2","11","10",7.227663
"479",874,55,132,37,13,8,2,33,1,0,0,0,2,"1","13","16",6.77308
"480",625,40,108,26,13,11,9,30,1,0,0,1,3,".","12","16",6.437752
"481",1250,32,98,40,12,17,2,33,1,0,0,1,0,"1","14","10",7.130899
"482",1082,40,111,44,13,20,12,36,1,0,0,1,4,"2","8","11",6.986567
"483",693,40,79,36,11,18,3,38,1,0,0,0,3,"2","8","8",6.54103
"484",727,55,97,29,12,11,11,31,1,0,0,0,3,"1","12","11",6.588926
"485",615,50,99,49,15,16,15,38,1,0,0,0,2,"3","12","14",6.421622
"486",913,40,101,33,16,5,7,31,1,0,0,1,2,"3","12",".",6.816736
"487",884,46,120,45,17,4,10,36,1,0,0,0,2,"1","12","18",6.784457
"488",698,43,97,33,12,10,4,29,1,0,0,1,2,"3","8","8",6.548219
"489",800,55,106,34,12,17,18,36,1,0,0,0,3,"3","8","12",6.684612
"490",812,40,131,44,16,9,3,30,0,0,0,0,1,"1","12","12",6.699501
"491",1000,40,93,32,11,16,14,34,1,0,0,1,1,".","12","8",6.907755
"492",549,49,79,23,12,11,3,32,0,0,0,0,4,"2","8","8",6.308098
"493",1300,35,100,38,12,13,15,31,1,0,0,1,4,"2","11",".",7.17012
"494",923,50,107,30,16,9,8,33,1,0,0,1,6,"4","9","8",6.827629
"495",1539,40,112,42,12,15,15,32,1,0,0,0,3,"1",".","10",7.338888
"496",721,40,105,22,12,11,9,30,1,0,0,0,3,"2","12","10",6.580639
"497",815,40,114,25,12,15,14,31,1,0,0,0,2,"1","12","10",6.703188
"498",600,80,116,36,12,20,2,38,1,0,0,0,10,"10","8",".",6.39693
"499",1100,40,104,41,12,18,7,37,1,0,0,1,2,"3","11","13",7.003066
"500",1058,40,85,48,12,18,19,35,1,0,0,1,2,"1","9","12",6.964136
"501",962,40,93,46,12,15,1,30,1,0,0,1,2,"2","9","12",6.869014
"502",433,50,100,40,12,5,9,37,1,0,0,0,2,"2","8","7",6.070738
"503",940,40,71,20,11,9,2,29,1,0,0,0,2,"3",".",".",6.84588
"504",1417,38,88,36,16,9,10,32,0,0,0,1,2,"1","12","12",7.256297
"505",1000,65,93,32,12,11,9,29,1,0,0,1,7,"1","12","8",6.907755
"506",500,40,98,26,13,14,5,32,1,0,0,0,3,"4","12","8",6.214608
"507",800,50,110,35,14,8,5,28,1,0,0,1,3,"4","12","10",6.684612
"508",766,40,109,31,12,17,18,35,1,0,0,0,4,"3",".","6",6.641182
"509",750,43,94,38,14,12,10,33,1,0,0,0,1,"1","11","12",6.620073
"510",550,40,77,36,12,15,2,37,1,0,0,0,6,"3","8","8",6.309918
"511",795,52,89,35,11,16,4,34,1,0,0,1,6,"1",".",".",6.678342
"512",723,40,102,44,12,12,10,30,1,0,0,1,10,"6","12","6",6.583409
"513",1039,40,113,49,14,12,8,34,1,0,0,1,1,"2","16","14",6.946014
"514",200,55,103,38,10,11,15,32,1,0,1,1,3,"2","12","5",5.298317
"515",400,40,90,36,10,12,1,32,1,1,0,1,5,"3","8",".",5.991465
"516",575,40,96,31,11,17,1,35,1,0,1,1,2,"1","12","7",6.35437
"517",850,40,97,35,11,16,5,37,1,0,1,1,1,"1","12","6",6.745236
"518",508,50,87,35,12,16,1,32,1,1,1,1,2,"1","10",".",6.230482
"519",1162,45,89,39,12,11,4,37,1,0,1,1,3,"3","15",".",7.057898
"520",1199,43,70,28,13,13,5,30,1,1,1,1,3,"1","8",".",7.089243
"521",1270,40,104,34,16,8,4,31,1,0,1,1,3,"4","16","17",7.146772
"522",350,45,116,36,16,5,3,33,1,0,1,1,2,"2","11","12",5.857933
"523",963,40,85,32,14,9,9,28,1,1,1,1,5,"1","7",".",6.870053
"524",1463,45,104,47,15,14,11,37,1,0,1,1,3,"4","12","12",7.288244
"525",802,40,99,26,12,13,12,29,1,1,1,1,8,"6","9","12",6.687109
"526",642,45,93,18,12,12,7,30,1,1,1,1,1,"2","6","6",6.464588
"527",751,40,114,37,13,9,2,28,1,0,1,1,2,"2","12","10",6.621406
"528",488,40,103,40,17,5,3,31,1,0,1,1,1,".","12","16",6.190315
"529",1400,40,92,34,12,15,5,36,1,0,1,1,2,"1","6","2",7.244227
"530",940,45,98,41,18,10,7,31,1,0,1,1,2,"2","8","12",6.84588
"531",866,40,114,48,13,15,16,37,1,0,1,1,3,"1","12",".",6.763885
"532",675,40,77,42,12,20,4,38,1,1,1,1,5,"2","12","6",6.514713
"533",375,40,89,24,14,9,3,30,1,1,1,1,3,"1","13",".",5.926926
"534",325,40,93,44,14,10,1,33,1,1,1,1,1,".","16",".",5.783825
"535",346,40,110,37,12,16,17,38,1,0,1,1,2,".","12","5",5.846439
"536",1442,40,132,39,17,8,1,33,1,0,1,1,3,"1","8","12",7.273787
"537",560,49,112,37,16,13,2,32,1,0,1,0,3,"1","8","2",6.327937
"538",550,56,99,42,12,17,11,36,1,0,1,1,1,"2","12","12",6.309918
"539",950,44,96,26,16,8,10,32,1,1,1,1,1,"2","10",".",6.856462
"540",684,45,106,45,13,16,2,38,1,0,1,1,1,"1","12","14",6.527958
"541",1322,40,128,43,16,7,1,33,1,0,1,1,0,"1","18",".",7.186901
"542",1634,40,95,48,12,18,3,38,1,0,1,1,3,"3",".","3",7.398786
"543",417,40,80,30,12,8,0,30,0,0,1,1,3,"4","8","7",6.033086
"544",472,45,71,24,11,9,0,32,1,0,1,1,13,"6","6","6",6.156979
"545",666,50,89,28,12,16,1,34,1,1,1,1,6,"1","9",".",6.50129
"546",1679,55,127,45,18,10,3,32,1,0,1,1,1,"2","12","16",7.425954
"547",1039,40,114,43,16,1,9,31,0,0,1,1,6,"5","8","8",6.946014
"548",1250,40,102,30,13,13,11,30,1,0,1,1,5,"6","7",".",7.130899
"549",760,40,88,34,12,12,15,31,1,0,1,1,2,"1","12","7",6.633318
"550",1154,42,88,32,12,14,12,29,1,0,1,1,2,"2","12","7",7.05099
"551",1602,60,110,45,15,14,1,37,1,0,0,1,5,"1","14","12",7.379008
"552",1442,40,110,40,13,13,13,29,1,1,1,1,1,"2","7","9",7.273787
"553",865,40,130,39,16,5,3,30,1,0,0,1,4,"2","8","12",6.76273
"554",705,50,100,44,12,15,12,36,1,0,1,1,1,"2",".",".",6.558198
"555",1000,40,101,36,12,16,1,35,1,0,1,1,1,"1","12",".",6.907755
"556",852,44,89,36,10,13,9,32,1,0,1,1,6,"7","9",".",6.747587
"557",770,40,80,25,12,16,14,35,1,0,0,1,1,"2","12","12",6.64639
"558",1000,40,72,20,12,16,9,34,1,0,0,1,3,"4","12","12",6.907755
"559",1329,55,115,56,18,10,5,36,1,0,0,1,1,"1","12","12",7.192182
"560",1682,40,115,48,16,10,4,37,1,0,1,1,1,"2","12","17",7.427739
"561",577,55,108,47,16,4,0,31,1,1,1,1,2,"2","8","8",6.357842
"562",685,40,93,27,12,17,7,38,0,0,1,1,6,"6","8","3",6.529419
"563",577,40,111,37,16,8,8,29,0,1,1,1,1,"1","18","18",6.357842
"564",1040,40,101,38,12,19,9,38,1,1,1,1,6,"1","11","12",6.946976
"565",1250,40,92,42,16,10,11,32,0,0,1,1,1,"1","12","10",7.130899
"566",600,40,115,40,13,7,7,28,0,0,1,1,4,"5","5",".",6.39693
"567",480,40,76,29,12,17,3,35,0,1,1,1,8,"5","11","10",6.173786
"568",1000,40,93,26,11,11,0,29,1,0,1,1,5,"3","12","12",6.907755
"569",988,48,91,39,12,15,15,36,1,0,1,1,1,"2","8","8",6.895683
"570",478,45,90,35,10,19,10,34,1,0,1,1,2,"1","9","9",6.169611
"571",440,40,84,23,12,11,2,30,1,1,1,1,5,"3","9","4",6.086775
"572",485,40,120,43,12,11,1,30,1,1,1,1,6,"6",".",".",6.184149
"573",705,40,89,32,9,19,0,36,1,1,1,1,0,"1",".",".",6.558198
"574",1550,40,104,47,12,16,1,34,1,0,1,0,8,"4","9","10",7.34601
"575",960,40,107,23,12,11,9,29,1,1,1,1,11,"2","6","9",6.866933
"576",1000,40,100,42,12,16,14,32,1,0,1,1,2,"3","12","12",6.907755
"577",625,40,129,40,18,4,5,36,1,0,1,0,3,"1","15","15",6.437752
"578",1346,40,112,39,16,14,14,35,1,0,0,1,0,"1","12","16",7.204893
"579",961,40,76,17,12,13,13,31,0,1,0,1,13,"5",".","8",6.867974
"580",479,40,97,45,12,15,1,38,1,0,1,0,3,"4",".",".",6.1717
"581",1201,50,98,38,11,17,16,36,1,0,1,0,4,"5","11","2",7.09091
"582",1346,45,60,34,16,8,2,31,1,0,1,1,2,"3",".",".",7.204893
"583",1122,35,132,45,18,13,8,32,1,0,1,1,2,"3","12","7",7.022868
"584",543,45,90,31,14,5,7,38,1,1,1,1,1,"2","6",".",6.297109
"585",450,40,63,26,11,12,4,31,1,1,1,1,7,"2","7",".",6.109248
"586",507,55,110,36,14,10,4,32,1,0,1,1,2,"2","13","16",6.228511
"587",547,60,88,38,11,17,5,34,1,0,1,1,4,"5",".",".",6.304449
"588",586,56,98,41,11,18,16,35,1,0,1,1,2,"2",".","6",6.37332
"589",462,55,61,24,12,6,4,29,1,1,1,0,9,".","8","3",6.135565
"590",705,40,76,32,12,13,8,37,1,1,0,1,5,".",".",".",6.558198
"591",1566,40,127,44,12,7,1,29,1,0,0,1,3,"2","11",".",7.35628
"592",1634,40,94,39,13,18,18,36,1,0,1,1,2,"2","8","8",7.398786
"593",1282,45,97,48,16,4,1,32,1,0,0,1,11,"3","16","16",7.156177
"594",556,40,127,44,16,6,2,31,1,1,1,1,2,"1","12","12",6.320768
"595",1200,40,109,42,15,7,8,33,1,0,0,1,2,"1","11","12",7.090077
"596",855,45,89,21,12,6,6,31,1,0,1,0,4,"3","3","3",6.751101
"597",1053,40,90,33,12,18,7,37,1,0,1,0,1,"1","11","11",6.959399
"598",1000,48,105,39,12,11,4,28,1,0,1,0,0,"1","12","7",6.907755
"599",900,55,100,27,12,18,5,34,0,0,0,1,2,"2","8",".",6.802395
"600",1602,45,111,40,16,10,10,31,1,0,1,0,1,".","16","12",7.379008
"601",508,50,125,44,17,9,2,31,1,0,1,1,3,"1","16","13",6.230482
"602",1500,60,124,20,16,6,6,29,1,0,1,0,2,".","12","10",7.313221
"603",1682,50,107,41,14,15,9,32,1,0,1,1,0,"1","12","12",7.427739
"604",750,40,110,45,13,13,1,35,1,0,1,1,2,".","12","16",6.620073
"605",843,40,102,32,14,8,7,29,1,0,1,0,1,"1","16","16",6.736967
"606",409,40,93,26,12,17,18,38,0,0,1,0,0,"1",".",".",6.013715
"607",1004,40,81,36,12,17,15,34,1,0,1,0,1,"1","12",".",6.911747
"608",650,40,99,36,12,13,10,30,1,0,1,0,1,"2","12","10",6.476973
"609",808,40,93,26,12,17,9,37,1,1,1,0,4,"1",".",".",6.694562
"610",2137,45,102,35,13,8,2,30,1,0,1,0,0,"1","12","12",7.667158
"611",761,48,95,44,12,14,21,38,1,0,1,1,1,"1","12","5",6.634634
"612",769,40,98,37,16,8,3,35,0,0,1,1,0,"1","11","8",6.645091
"613",345,40,84,28,12,7,8,31,1,1,1,1,2,"2",".",".",5.843544
"614",495,40,88,30,12,6,10,31,1,0,1,1,2,"1",".","7",6.204558
"615",987,38,109,41,16,9,3,31,1,0,1,1,3,"4","4",".",6.89467
"616",2500,60,82,41,12,21,1,38,1,0,1,0,3,"3","8","5",7.824046
"617",1098,45,105,22,14,6,1,32,0,0,1,1,1,"2","12",".",7.001245
"618",1212,40,95,36,12,6,16,38,1,0,1,0,3,"1","12","8",7.100027
"619",577,40,92,33,15,8,1,28,1,1,1,1,1,"2","10","7",6.357842
"620",390,59,74,26,15,10,3,30,1,1,1,1,3,"3","7","6",5.966147
"621",1500,40,123,43,16,9,12,32,1,0,1,1,1,"1","12","14",7.313221
"622",583,80,86,24,12,9,1,30,1,0,1,1,2,"2","12","12",6.368187
"623",460,40,92,22,11,16,1,36,1,0,1,1,5,"6",".",".",6.131227
"624",945,40,87,41,12,12,13,38,1,0,1,1,2,"2","8",".",6.851185
"625",1442,60,117,39,16,9,3,31,1,0,1,1,1,"2","12","10",7.273787
"626",1333,45,112,50,16,14,8,38,1,0,1,1,1,"2","12","4",7.195187
"627",1500,37,119,41,15,8,5,33,0,0,0,1,1,"1","12","18",7.313221
"628",1333,45,103,30,16,7,1,34,1,0,0,1,3,"1",".",".",7.195187
"629",700,40,74,29,12,16,4,36,1,1,1,1,3,".","9",".",6.55108
"630",973,36,81,33,13,11,5,32,1,0,1,1,0,"1","6","9",6.880384
"631",2162,40,124,48,18,10,8,32,1,0,1,1,1,"1","10","10",7.678789
"632",797,41,89,38,12,10,7,36,1,0,1,0,1,"2","7","8",6.680855
"633",400,40,88,34,12,14,1,32,1,1,1,1,7,"7","7","6",5.991465
"634",1015,40,67,31,12,15,11,32,1,1,0,1,3,"2","9","5",6.922644
"635",1744,43,106,41,16,8,9,29,1,0,1,1,1,"1","12","16",7.463937
"636",630,40,103,30,15,14,2,32,1,0,1,0,0,"1","11","5",6.44572
"637",445,40,91,40,12,11,4,32,1,0,1,0,0,"1","6","8",6.098074
"638",660,42,101,34,16,12,9,31,1,0,1,1,0,"1","12","12",6.49224
"639",779,40,85,30,12,14,7,37,1,1,1,1,7,"4","12",".",6.658011
"640",377,40,83,32,12,9,1,36,0,0,1,1,1,"1","12","12",5.932245
"641",560,44,70,34,12,16,11,35,1,1,1,1,2,"1","8",".",6.327937
"642",1122,60,102,54,17,7,13,32,1,0,1,1,2,"2","12","11",7.022868
"643",453,50,94,34,12,9,2,30,1,0,1,0,6,"4","7","7",6.115892
"644",1386,40,97,38,10,17,9,37,1,0,1,1,1,"2","12","8",7.234177
"645",1539,40,115,38,17,7,9,31,1,0,1,1,2,"1","12","16",7.338888
"646",1154,40,117,38,16,11,12,35,1,0,1,1,5,"5","17","18",7.05099
"647",962,50,105,45,14,15,2,37,1,0,1,1,3,"4","8","4",6.869014
"648",722,55,113,36,16,8,1,38,0,0,1,1,1,"2","8",".",6.582025
"649",480,40,83,37,12,9,3,37,1,0,1,1,4,"3","10","11",6.173786
"650",808,50,101,44,18,8,9,38,1,0,1,0,3,"2","17","12",6.694562
"651",1442,40,113,36,13,14,8,36,1,0,1,1,2,"1","12","12",7.273787
"652",1091,50,88,31,13,13,4,37,1,0,0,1,4,"1","12",".",6.99485
"653",350,40,93,41,12,16,0,33,0,1,1,1,1,"1","12",".",5.857933
"654",500,40,83,39,12,18,11,36,1,1,1,1,0,"1","7",".",6.214608
"655",1026,45,113,27,16,9,13,30,1,0,1,1,2,"2","16","14",6.933423
"656",577,40,106,43,17,11,7,33,0,1,1,1,3,"2","13","16",6.357842
"657",1333,60,106,38,15,5,1,30,1,0,1,1,2,"2","12","12",7.195187
"658",915,55,114,36,12,17,9,37,1,0,0,1,1,".","10",".",6.818924
"659",1105,40,119,32,16,9,10,30,0,0,1,1,5,"1","11","10",7.007601
"660",910,40,82,26,14,5,5,30,1,1,1,1,10,".","9","3",6.813445
"661",1000,40,89,40,12,17,8,38,1,0,1,1,7,"7","1","4",6.907755
"662",1160,40,74,18,12,14,1,33,1,1,1,1,9,"6","3","4",7.056175
"663",1001,34,77,22,12,12,3,29,1,1,1,1,9,"8","3","4",6.908755
"664",713,40,75,25,12,5,12,36,1,1,1,1,7,"4",".",".",6.569481
"665",929,40,97,28,13,12,5,30,1,0,1,1,2,"1","12","12",6.834109
"666",400,50,68,35,12,4,9,31,1,1,1,1,6,"1","6","2",5.991465
"667",1241,40,83,51,13,9,10,33,1,0,1,1,2,"3","12","12",7.123673
"668",1065,40,97,40,12,21,10,36,1,0,1,1,1,"1","12",".",6.97073
"669",403,45,98,37,12,5,3,30,1,0,1,1,2,".","12","12",5.998937
"670",940,45,102,30,13,15,12,30,1,1,1,1,2,"2",".",".",6.84588
"671",812,40,81,20,10,17,13,34,1,1,1,1,2,"2","8","3",6.699501
"672",700,20,85,27,10,13,0,35,1,1,1,1,3,".","6","10",6.55108
"673",575,40,86,20,10,12,6,33,1,1,1,1,8,".",".",".",6.35437
"674",450,40,79,23,10,20,5,36,1,1,1,1,7,"6","12","12",6.109248
"675",621,43,84,24,12,14,10,31,1,0,1,0,4,"3","8","6",6.431331
"676",441,38,74,24,12,12,11,30,1,0,1,0,4,"4","8","6",6.089045
"677",625,40,92,25,16,6,9,33,1,1,1,0,11,"1",".",".",6.437752
"678",726,45,93,32,12,16,5,36,1,0,1,0,5,"2","6",".",6.58755
"679",500,40,69,18,9,21,13,38,1,1,1,1,8,"6","6",".",6.214608
"680",1000,44,113,41,17,8,2,34,1,0,1,1,4,"1","17","18",6.907755
"681",393,48,92,37,12,15,16,38,1,0,1,1,1,"1","8","7",5.97381
"682",600,40,127,44,12,8,3,28,0,0,1,0,2,"2","9","12",6.39693
"683",962,50,109,44,12,21,12,37,1,0,1,0,0,"1","6",".",6.869014
"684",962,40,97,42,12,15,4,34,1,0,1,0,5,"1","10","8",6.869014
"685",865,40,66,30,11,10,7,30,1,0,0,1,14,"4","0","10",6.76273
"686",1154,50,109,46,16,10,3,35,1,0,1,1,2,"1","16","14",7.05099
"687",1386,42,109,43,16,10,11,34,1,0,1,0,1,"1","4","14",7.234177
"688",732,40,104,36,12,10,7,36,1,0,1,1,1,"2",".",".",6.59578
"689",865,40,85,44,13,4,9,34,1,0,1,1,3,"3","8","8",6.76273
"690",700,40,81,26,12,13,13,31,1,0,1,0,5,"6","8","4",6.55108
"691",975,40,87,12,9,20,10,37,1,0,1,0,3,".","5","4",6.882438
"692",1300,40,78,40,13,12,3,33,1,0,1,1,2,"3","12","12",7.17012
"693",900,40,54,37,14,12,3,31,1,0,1,1,2,"1","12","12",6.802395
"694",829,40,98,33,12,15,15,36,1,0,0,1,4,"5","8","8",6.72022
"695",1000,40,98,34,12,17,13,36,1,0,1,1,3,".","12",".",6.907755
"696",827,40,105,29,16,7,8,30,1,0,0,1,2,"1","16","12",6.717805
"697",500,44,87,25,13,5,2,31,1,0,1,1,7,".","12",".",6.214608
"698",1155,40,117,25,13,9,1,28,1,0,0,1,3,"2","12","12",7.051856
"699",950,55,85,30,15,8,3,29,0,0,0,1,2,".","12","12",6.856462
"700",700,40,82,35,13,10,4,30,1,0,0,1,4,"5","8",".",6.55108
"701",1710,45,114,39,18,7,6,32,1,0,0,1,1,"1","12",".",7.444249
"702",533,30,65,21,12,5,1,32,0,1,0,1,5,"1","11","12",6.278522
"703",2004,48,105,48,18,10,0,34,1,0,0,1,2,"1","12","12",7.602901
"704",890,60,92,20,14,9,8,32,1,0,0,1,1,"2","7","7",6.791222
"705",3078,30,107,23,13,11,4,29,1,0,0,1,2,"2","12","12",8.032035
"706",1539,40,111,41,17,10,13,37,1,0,0,1,3,"2","12","16",7.338888
"707",508,40,73,38,12,1,1,31,1,1,0,1,1,".",".",".",6.230482
"708",1354,40,119,49,17,13,9,35,0,0,0,0,2,"1","16","16",7.210818
"709",1143,35,97,40,12,21,8,38,1,0,0,1,5,"1","12","12",7.041412
"710",962,40,110,34,12,16,8,33,1,0,0,1,2,"1","10","10",6.869014
"711",1250,44,96,32,12,19,20,38,1,0,0,1,2,"1","12","12",7.130899
"712",990,40,67,23,12,16,3,34,1,1,0,1,2,"1","8","8",6.897705
"713",905,40,102,31,12,17,4,37,1,0,0,0,5,"5","12","12",6.807935
"714",926,55,64,22,12,18,0,38,1,0,0,1,4,"5","0","2",6.830874
"715",1559,40,103,32,12,17,10,34,1,0,0,1,3,"4","8","8",7.3518
"716",1312,40,118,39,10,14,4,32,1,0,0,1,0,"1","12","8",7.179308
"717",923,40,118,36,14,8,16,35,1,1,0,1,5,"1","7",".",6.827629
"718",879,40,118,41,18,1,9,31,1,0,0,1,1,"2","13","13",6.778785
"719",800,25,75,37,13,14,1,38,1,0,1,1,0,"1","12","10",6.684612
"720",1049,50,112,45,14,6,10,32,1,0,0,0,3,"3","12","10",6.955593
"721",550,40,95,20,12,4,1,30,0,0,0,0,3,"4","12","10",6.309918
"722",1190,40,119,38,17,4,2,34,1,0,0,1,0,"1","12","14",7.081708
"723",583,48,94,35,14,10,6,37,1,0,0,0,2,"1","12","12",6.368187
"724",1200,40,103,27,14,5,2,30,1,0,0,1,1,"1","6","7",7.090077
"725",797,55,90,36,16,11,5,33,1,0,0,1,5,"2","14","17",6.680855
"726",1371,40,128,50,18,8,13,36,1,0,0,0,1,"2","16","12",7.223296
"727",360,55,110,44,13,11,1,38,0,1,0,1,4,".","12","8",5.886104
"728",1270,40,84,40,12,11,12,30,1,0,0,1,2,"2","12","12",7.146772
"729",1832,40,97,38,12,16,1,36,1,0,0,1,1,"2","8","12",7.513164
"730",909,40,102,34,12,14,5,33,1,0,0,1,3,"3","12","7",6.812345
"731",1746,40,131,41,18,9,10,33,1,0,0,1,7,"3","12","12",7.465083
"732",520,40,126,23,16,8,1,30,1,0,0,1,7,"5","12","12",6.253829
"733",808,40,107,32,16,6,7,29,1,0,0,0,7,"6","12","12",6.694562
"734",2137,45,108,45,16,11,2,36,1,0,0,1,2,"3","12",".",7.667158
"735",692,50,92,49,15,9,3,38,1,1,0,1,0,"1","8","8",6.539586
"736",931,80,108,40,16,4,1,36,1,0,0,1,4,"2","12","12",6.836259
"737",812,45,115,46,16,11,3,34,1,0,0,1,1,"2","12","8",6.699501
"738",866,40,111,44,14,16,14,35,1,0,0,1,1,"1","12","12",6.763885
"739",1442,40,115,47,12,14,9,36,1,0,0,1,7,"5","12","12",7.273787
"740",500,40,101,31,14,12,0,32,1,0,0,0,2,"2","11","6",6.214608
"741",1384,50,114,48,18,12,2,37,1,0,0,1,1,"1","12","13",7.232733
"742",528,55,116,40,18,5,9,30,1,0,0,1,4,"5","12","12",6.269096
"743",881,40,90,41,12,4,14,36,1,0,0,0,2,"3","12",".",6.781058
"744",1026,45,125,33,12,11,11,28,1,0,0,1,3,"1","14","17",6.933423
"745",1212,40,98,26,12,11,12,28,0,0,0,1,4,".","12","10",7.100027
"746",1620,38,111,42,15,8,5,29,1,0,0,0,1,"2","10",".",7.390182
"747",1843,48,109,38,16,11,2,32,1,0,0,1,3,"2","12",".",7.51915
"748",1602,60,124,36,16,12,2,37,1,0,0,1,1,"2","12","12",7.379008
"749",1000,40,121,35,13,6,1,33,1,0,0,1,2,"2","8","14",6.907755
"750",737,48,103,37,12,7,4,30,1,0,0,1,4,"4","10",".",6.602588
"751",1699,40,96,19,12,10,1,29,0,0,1,1,2,"3","12","12",7.437795
"752",1699,40,100,40,12,11,9,33,1,0,0,1,1,"2","12","8",7.437795
"753",1025,48,104,30,14,6,5,32,1,0,0,1,2,"3",".","12",6.932448
"754",1107,40,112,38,12,12,5,38,1,0,0,1,5,"3","11","12",7.009409
"755",625,40,73,24,11,1,1,31,1,0,0,1,3,"4","12","12",6.437752
"756",720,50,101,39,13,1,7,29,1,0,0,1,4,"2","11","11",6.579251
"757",855,40,99,44,12,19,10,36,1,0,0,1,1,"2","12","12",6.751101
"758",1250,40,95,23,12,12,2,32,1,0,0,1,2,"2","12","12",7.130899
"759",1130,40,109,40,18,4,13,38,1,0,0,0,1,"2","18","15",7.029973
"760",900,40,110,35,12,6,1,28,0,0,0,1,1,".","13","13",6.802395
"761",1924,50,98,49,17,6,7,38,1,0,0,1,1,"1","4",".",7.562161
"762",962,40,112,46,15,8,2,37,1,0,0,1,2,"1","12","16",6.869014
"763",1874,48,64,37,11,22,3,38,1,1,0,1,7,".",".",".",7.53583
"764",1573,55,90,28,12,5,3,30,1,0,0,1,4,"3","11","8",7.36074
"765",940,45,102,46,14,11,7,36,1,0,0,1,1,"2","12","10",6.84588
"766",900,40,119,39,16,8,9,30,1,0,0,0,1,"2","12","12",6.802395
"767",882,44,96,34,12,15,13,31,1,0,0,0,6,"3","8","10",6.782192
"768",1710,45,118,40,18,12,12,38,1,0,0,1,1,"1","12","12",7.444249
"769",1260,45,79,39,12,19,15,37,1,0,0,0,3,"2","9","8",7.138867
"770",751,40,96,42,12,9,7,38,1,0,0,0,1,"1","10","8",6.621406
"771",1097,50,80,27,11,12,12,28,1,0,0,0,5,"1","12","11",7.000334
"772",1001,48,137,36,13,11,11,33,1,0,0,0,5,"6","12",".",6.908755
"773",1154,40,116,42,15,11,12,34,0,0,0,0,2,"1","12","9",7.05099
"774",1000,43,69,31,12,15,16,35,1,0,0,1,4,"4","12","8",6.907755
"775",1250,40,78,36,12,16,3,33,1,0,0,1,9,".","6","2",7.130899
"776",857,65,99,41,12,18,3,38,1,0,1,1,2,"1","8","8",6.753438
"777",1211,27,92,33,12,13,3,31,1,0,0,1,3,"2","16","12",7.099202
"778",937,32,113,23,16,12,7,29,1,0,0,1,3,".","16","12",6.842683
"779",904,50,98,29,13,7,1,33,1,0,0,1,5,".","12",".",6.806829
"780",872,45,115,30,15,7,4,29,1,0,0,1,3,"1","12","18",6.77079
"781",1200,40,96,26,9,18,0,34,1,0,0,1,4,"3",".","8",7.090077
"782",1261,40,117,41,17,1,9,35,1,0,0,1,4,"1","6","8",7.13966
"783",950,40,96,38,12,14,2,35,1,0,0,1,1,"1","8","2",6.856462
"784",115,50,108,46,12,9,3,29,1,0,0,1,5,"6","10","11",4.744932
"785",673,40,92,34,17,6,4,31,1,0,0,1,5,"5","16","12",6.511745
"786",1084,45,95,38,15,17,10,37,1,0,0,1,1,"2","16","16",6.988413
"787",1058,40,94,40,14,13,14,34,1,0,0,1,0,"1","15","9",6.964136
"788",800,40,115,38,12,20,12,38,1,0,0,0,7,"6","7","8",6.684612
"789",369,40,117,36,18,11,1,31,0,0,0,0,3,"4",".",".",5.910797
"790",1924,40,105,42,16,14,13,36,1,0,0,0,0,"1","12",".",7.562161
"791",855,40,109,36,12,17,15,36,1,0,0,0,3,"1","7","6",6.751101
"792",864,40,87,38,12,15,6,31,1,0,0,0,1,"1","12","12",6.761573
"793",1092,44,110,34,16,15,13,36,1,0,0,1,4,"4","13","13",6.995766
"794",1025,40,110,30,16,9,4,30,1,0,0,0,3,".","10","12",6.932448
"795",850,35,109,32,12,11,2,31,1,0,0,0,2,"2","17",".",6.745236
"796",673,40,85,21,12,17,10,35,1,0,0,0,2,"2","12","12",6.511745
"797",800,40,105,42,14,12,12,37,1,0,0,0,3,"2","10","12",6.684612
"798",1049,44,122,39,16,7,3,33,1,0,0,0,3,"3","10","12",6.955593
"799",884,40,108,40,17,9,11,35,1,0,0,1,3,"2","14","9",6.784457
"800",800,40,122,38,16,10,2,31,0,0,1,1,3,"3","12","8",6.684612
"801",1200,40,79,32,17,9,9,32,1,0,0,1,0,"1","8","8",7.090077
"802",664,40,105,30,12,8,10,29,1,0,0,1,7,"6","12","12",6.498282
"803",1111,45,90,47,12,18,18,37,1,0,0,1,6,"3",".",".",7.013016
"804",850,43,111,38,16,8,8,34,1,0,0,1,4,"2",".",".",6.745236
"805",1000,40,110,42,12,6,12,37,1,0,0,1,5,"2","8","12",6.907755
"806",875,40,92,32,12,8,4,29,0,0,0,1,4,".","14","14",6.774224
"807",1202,40,131,32,16,10,2,33,1,0,0,0,3,"2","12","12",7.091742
"808",666,40,104,32,12,10,2,29,1,0,0,0,2,"3","12","12",6.50129
"809",923,40,110,39,16,15,11,37,1,0,0,0,2,"1","12","7",6.827629
"810",788,40,99,20,12,10,10,28,1,0,1,1,4,"5","10","3",6.669498
"811",950,40,86,31,10,23,5,38,1,0,1,1,9,"9",".","6",6.856462
"812",1442,40,105,42,12,9,16,37,1,0,1,1,3,"4",".",".",7.273787
"813",866,40,85,26,12,11,12,30,1,1,1,0,8,"5","6","0",6.763885
"814",625,40,72,34,9,17,5,34,1,0,1,0,10,"7","4",".",6.437752
"815",680,40,86,35,12,13,9,32,0,0,1,0,6,"1","6","7",6.522093
"816",693,40,68,38,12,11,19,35,1,0,1,0,5,"2","12","8",6.54103
"817",875,36,95,22,12,16,2,38,0,1,1,0,8,"9","6",".",6.774224
"818",2308,40,116,42,17,8,2,38,1,0,0,0,6,"1","12","13",7.744137
"819",1196,45,96,45,14,10,4,32,1,0,1,0,2,"3","10","6",7.086738
"820",700,38,85,36,12,13,8,32,1,1,1,1,6,".","2","8",6.55108
"821",721,40,100,32,12,8,8,29,1,0,1,1,3,"2","12","4",6.580639
"822",1500,40,101,38,13,13,2,32,1,0,1,1,5,"3","12","8",7.313221
"823",1050,50,97,31,15,4,9,31,1,1,1,1,2,"1","16","9",6.956545
"824",801,48,100,30,14,6,10,29,1,1,1,1,2,"1",".",".",6.685861
"825",640,23,96,39,12,7,3,31,0,1,1,1,5,".",".",".",6.461468
"826",1198,32,117,39,16,7,9,30,1,0,1,1,1,"2","12","12",7.088409
"827",390,55,93,38,12,4,2,32,1,0,1,1,1,".","16","13",5.966147
"828",889,36,116,37,12,12,11,28,1,0,1,1,1,"2","9","12",6.790097
"829",1076,38,106,42,12,19,20,36,1,0,1,1,1,"1","12","9",6.981006
"830",1127,40,98,45,12,17,12,36,1,0,1,1,1,"2","14","12",7.027315
"831",750,50,103,36,15,1,1,37,1,0,1,0,1,"1","12","9",6.620073
"832",855,40,118,41,14,6,14,33,1,0,1,0,3,"1",".","12",6.751101
"833",525,40,100,22,13,5,1,31,1,0,1,0,1,"1","10","12",6.263398
"834",1104,54,96,39,12,11,4,29,1,0,1,0,1,"2","10","12",7.006695
"835",553,40,67,22,12,11,10,30,1,1,1,0,7,"2","8","9",6.315358
"836",800,43,96,27,12,10,1,29,1,0,1,0,1,"1","10","10",6.684612
"837",1384,50,104,42,13,8,7,31,1,0,1,0,3,"1","13","14",7.232733
"838",425,30,106,34,17,8,0,36,0,0,1,0,0,"1","14","12",6.052089
"839",510,54,62,34,11,13,4,33,0,1,1,1,7,"6","2","10",6.234411
"840",370,32,73,31,12,13,2,31,1,1,1,0,9,"2","3","4",5.913503
"841",596,40,62,26,12,16,14,33,1,1,1,0,9,"8","2","8",6.390241
"842",402,40,76,28,12,9,4,28,1,1,0,1,4,"2",".","10",5.996452
"843",418,40,76,26,12,12,2,31,1,1,1,0,0,"1","9","10",6.035481
"844",1133,40,106,44,16,13,10,36,1,0,1,0,1,"1","12",".",7.032624
"845",681,40,94,24,12,18,15,35,0,0,1,1,4,".","9","10",6.523562
"846",950,40,81,29,11,16,5,35,1,0,1,0,3,"4","10","6",6.856462
"847",600,40,87,15,10,20,7,36,1,0,1,0,0,"1","5","6",6.39693
"848",661,40,96,25,13,8,6,29,0,0,1,0,3,"2",".","5",6.493754
"849",925,40,75,27,12,12,9,30,1,0,1,0,2,"2","6",".",6.829794
"850",550,40,95,34,12,14,13,31,1,0,1,0,0,"1","5","5",6.309918
"851",606,40,86,19,11,13,11,30,1,0,1,0,4,"4","3","7",6.40688
"852",425,40,86,17,10,7,1,30,1,0,1,0,4,"4","3","7",6.052089
"853",340,50,104,41,14,4,1,31,1,0,1,1,5,"3","8","18",5.828946
"854",692,50,95,21,12,16,9,34,1,0,1,1,2,"2","7","5",6.539586
"855",575,40,116,37,12,11,9,29,1,0,1,0,1,"2","8","12",6.35437
"856",571,40,66,20,9,15,10,33,1,0,1,0,5,"1","8","6",6.347389
"857",817,40,101,38,16,11,9,32,1,0,1,1,1,"2","0","5",6.705639
"858",987,40,96,23,12,11,5,29,1,0,1,0,1,"2","12","12",6.89467
"859",616,55,104,41,12,16,18,35,1,0,1,1,4,"5","9",".",6.423247
"860",1026,60,105,34,16,12,1,35,1,0,0,1,3,"1","14","10",6.933423
"861",808,40,106,34,12,4,3,29,1,0,0,1,1,"2","8","7",6.694562
"862",808,50,101,34,17,8,0,30,1,0,1,1,1,"2","15","15",6.694562
"863",788,40,96,42,12,13,5,36,1,0,1,1,4,"1","12","12",6.669498
"864",850,40,105,34,12,6,2,33,1,0,0,1,1,"1","12","9",6.745236
"865",900,38,106,40,12,10,19,38,1,0,1,1,7,".","3","2",6.802395
"866",1418,45,102,44,12,19,20,36,1,0,1,1,2,"3","8","8",7.257003
"867",260,40,75,35,12,21,0,37,1,1,1,0,3,"3",".",".",5.560682
"868",662,45,99,27,14,7,2,28,1,1,1,0,6,"1","5","5",6.495265
"869",562,55,90,46,13,4,1,38,1,0,1,0,1,"1","12","11",6.331502
"870",562,80,104,30,12,11,5,28,1,0,1,0,1,".","12","12",6.331502
"871",357,70,115,37,13,5,2,30,1,0,1,1,6,"7",".",".",5.877736
"872",1009,40,118,37,16,11,12,32,1,0,1,0,0,"1","12","10",6.916715
"873",1442,40,108,40,12,17,17,36,1,0,1,1,1,"1","9","12",7.273787
"874",651,40,76,30,11,11,2,29,1,1,0,1,7,"7","10","11",6.478509
"875",750,40,50,28,12,14,5,32,1,1,1,0,10,".","3",".",6.620073
"876",754,40,55,23,12,13,14,33,1,1,1,0,2,"1","10",".",6.625392
"877",700,40,73,23,12,17,9,38,1,1,1,0,8,"3",".",".",6.55108
"878",503,40,84,14,11,11,2,30,0,1,0,1,3,".","9","9",6.22059
"879",937,40,104,37,12,14,15,32,1,0,1,0,1,"2","12","9",6.842683
"880",624,40,92,40,10,18,10,36,1,0,1,0,2,"3","10","6",6.436151
"881",750,40,83,27,12,4,10,32,1,1,1,0,7,"1","10","6",6.620073
"882",900,40,98,36,14,1,8,30,1,1,1,0,7,"2","10","6",6.802395
"883",540,40,70,25,10,12,10,29,1,1,1,0,9,".","10","7",6.291569
"884",642,35,87,26,13,9,3,30,1,0,1,0,10,"10","4","10",6.464588
"885",400,50,96,38,15,6,10,28,0,0,1,0,5,".","12",".",5.991465
"886",900,40,80,34,10,15,14,38,1,0,1,0,3,"3","12","10",6.802395
"887",513,40,104,40,16,8,10,33,1,0,1,0,5,"2","12","10",6.240276
"888",894,40,104,35,18,7,10,35,1,0,1,0,7,"8","9","8",6.795706
"889",1282,60,96,24,18,7,5,32,1,0,1,1,4,"2","12","18",7.156177
"890",485,40,89,24,12,10,9,30,0,0,1,0,4,"3","12","18",6.184149
"891",325,55,113,39,12,11,5,29,1,0,1,0,1,"2","10","13",5.783825
"892",769,45,105,29,12,16,5,33,1,0,1,0,4,"1","7","7",6.645091
"893",618,40,84,39,14,6,8,31,0,0,1,1,7,"8","7","4",6.426488
"894",1040,48,108,36,12,16,17,35,1,0,1,1,6,"7","7","3",6.946976
"895",751,40,104,32,12,15,4,34,1,0,1,1,4,"3","8","3",6.621406
"896",380,50,106,28,12,15,11,30,1,0,1,0,2,"1","7","7",5.940171
"897",300,24,83,45,12,16,3,37,1,1,1,1,4,"1","3",".",5.703783
"898",753,46,70,34,10,21,7,38,1,0,1,1,4,"2","12","7",6.624065
"899",1065,65,104,39,16,10,11,34,1,0,1,1,2,"3","11","12",6.97073
"900",1070,40,91,42,12,13,1,30,1,0,0,1,1,"2","14","12",6.975414
"901",1573,55,112,42,18,7,8,34,1,0,1,1,1,"1","14","18",7.36074
"902",650,40,97,27,10,14,9,30,1,0,1,0,5,"1","12","9",6.476973
"903",700,45,99,40,12,15,7,32,1,0,1,0,4,"2","10","10",6.55108
"904",494,40,74,30,12,16,4,34,1,1,1,0,5,".",".",".",6.202536
"905",890,48,100,40,12,4,8,31,1,0,1,0,0,"1",".",".",6.791222
"906",520,40,86,28,10,15,12,31,1,0,1,0,0,"1","6",".",6.253829
"907",891,40,90,36,12,16,16,32,1,0,1,0,5,"5","12","9",6.792345
"908",570,50,101,43,12,11,12,30,1,0,0,1,2,"3","12",".",6.345636
"909",1444,40,109,33,15,11,1,29,1,0,1,1,2,"1","11","9",7.275172
"910",481,48,98,26,12,14,2,31,0,1,0,1,4,"3",".",".",6.175867
"911",500,44,107,40,12,21,12,38,1,0,1,0,2,".","12","7",6.214608
"912",1473,40,110,48,16,15,15,36,1,0,1,0,1,"2","12","14",7.295056
"913",803,40,120,35,13,4,1,28,1,0,1,1,3,"4","10","12",6.688354
"914",962,50,97,34,16,7,2,30,1,0,1,1,0,"1","12","12",6.869014
"915",1000,44,103,37,12,9,5,29,1,0,1,1,0,"1","11",".",6.907755
"916",600,40,114,36,16,5,4,30,1,0,1,1,2,"1","12","12",6.39693
"917",450,40,95,31,11,12,2,30,1,0,1,0,2,"3","8","8",6.109248
"918",629,60,93,32,12,6,1,30,1,1,1,0,8,"3","10","6",6.444131
"919",492,60,67,38,12,15,2,34,1,1,1,0,3,".","8",".",6.198479
"920",1562,40,97,28,17,7,2,32,1,0,1,1,5,"1","12","13",7.353722
"921",357,70,97,34,14,6,3,28,1,0,1,0,1,"2","13","16",5.877736
"922",960,40,83,25,13,14,13,32,1,0,1,1,4,".","10",".",6.866933
"923",566,45,104,46,16,5,2,32,1,0,1,0,1,"2","12","12",6.338594
"924",481,40,82,27,12,9,2,32,1,0,1,0,2,"2","12","8",6.175867
"925",1442,40,113,45,16,8,10,35,1,0,1,1,2,"2","8","8",7.273787
"926",645,45,93,39,12,11,3,35,1,0,1,0,7,"7","7","8",6.46925
"927",788,40,100,23,11,15,6,32,1,1,1,0,5,".","9",".",6.669498
"928",644,42,101,38,12,11,5,33,1,0,1,0,4,"3","12",".",6.467699
"929",477,45,100,33,12,9,3,31,1,0,1,0,3,"3","7","7",6.167517
"930",664,60,82,30,16,10,9,34,1,1,1,1,3,"4","16","16",6.498282
"931",520,40,79,28,16,6,1,30,1,1,1,0,0,"1","11",".",6.253829
"932",1202,40,102,32,13,10,3,31,1,0,1,1,7,"7","8","6",7.091742
"933",538,45,77,22,12,12,10,28,1,1,1,0,9,".","7",".",6.287858
"934",873,44,109,25,12,12,12,28,1,0,1,0,1,"1",".","11",6.771935
"935",1000,40,107,32,12,17,18,35,1,0,1,0,5,"1",".",".",6.907755
